{
  "train_losses": [
    0.3619570484421072
  ],
  "val_losses": [
    0.2005325925660476
  ],
  "val_metrics": [
    {
      "loss": 0.2005325925660476,
      "accuracy": 0.8700688345596962,
      "auc_roc": 0.9614242580355536,
      "auc_pr": 0.9614226856815112
    }
  ],
  "test_metrics": {
    "loss": 0.24161249211557867,
    "accuracy": 0.8219411373101516,
    "auc_roc": 0.9397877814532036,
    "auc_pr": 0.9386067298615104
  },
  "best_epoch": 1,
  "best_val_loss": 0.2005325925660476
}