{
  "train_losses": [
    0.33714960482624845
  ],
  "val_losses": [
    0.21015984676402039
  ],
  "val_metrics": [
    {
      "loss": 0.21015984676402039,
      "accuracy": 0.873581770709708,
      "auc_roc": 0.9580718457130418,
      "auc_pr": 0.96180167292795
    }
  ],
  "test_metrics": {
    "loss": 0.2690609144718413,
    "accuracy": 0.8337229644996981,
    "auc_roc": 0.9354857470089242,
    "auc_pr": 0.940660418920739
  },
  "best_epoch": 1,
  "best_val_loss": 0.21015984676402039
}