{
  "train_losses": [
    0.5002148626461494
  ],
  "train_acc": [
    0.811567950122167
  ],
  "train_acc_r": [
    0.8058765915768854
  ],
  "train_acc_nr": [
    0.8219161818829396
  ],
  "val_losses": [
    0.23689913167182441
  ],
  "val_metrics": [
    {
      "loss": 0.23689913167182441,
      "accuracy": 0.8551893408134642,
      "accuracy - rumor": 0.8533042846768337,
      "accuracy - non rumor": 0.8569491525423729,
      "auc_roc": 0.9591977603866483,
      "auc_pr": 0.9517795506306271
    }
  ],
  "test_metrics": {
    "loss": 0.27600953363308595,
    "accuracy": 0.8426604684426963,
    "accuracy - rumor": 0.8445791146256744,
    "accuracy - non rumor": 0.8346674876847291,
    "auc_roc": 0.9443125049816217,
    "auc_pr": 0.9363501076297135
  },
  "best_epoch": 1,
  "best_val_loss": 0.23689913167182441,
  "training_time": 162.81474781036377,
  "cpu_usage_per_epoch": [
    26.5
  ],
  "memory_usage_per_epoch": [
    4.639400482177734
  ]
}