{
  "train_losses": [
    0.37575337571447015,
    0.27860342369131275
  ],
  "val_losses": [
    0.20527500850030658,
    0.19121091188159267
  ],
  "val_metrics": [
    {
      "loss": 0.20527500850030658,
      "accuracy": 0.8779966769522906,
      "auc_roc": 0.957637382919775,
      "auc_pr": 0.9607964648525474
    },
    {
      "loss": 0.19121091188159267,
      "accuracy": 0.8785663422739141,
      "auc_roc": 0.9575310174424237,
      "auc_pr": 0.9612335553811047
    }
  ],
  "test_metrics": {
    "loss": 0.29419048075515236,
    "accuracy": 0.828443591212398,
    "auc_roc": 0.9220070546162963,
    "auc_pr": 0.9301505952668221
  },
  "best_epoch": 2,
  "best_val_loss": 0.19121091188159267
}