{
  "train_losses": [
    0.39568676366843997
  ],
  "val_losses": [
    0.22966642100560258
  ],
  "val_metrics": [
    {
      "loss": 0.22966642100560258,
      "accuracy": 0.8814621409921671,
      "auc_roc": 0.9535646610065213,
      "auc_pr": 0.957778397451276
    }
  ],
  "test_metrics": {
    "loss": 0.28690847188917656,
    "accuracy": 0.8420987444071155,
    "auc_roc": 0.9283274911435224,
    "auc_pr": 0.9333696976482972
  },
  "best_epoch": 1,
  "best_val_loss": 0.22966642100560258
}