{
  "train_losses": [
    0.37934745413786825,
    0.27167836339332346
  ],
  "val_losses": [
    0.26147303150087764,
    0.20799628458214167
  ],
  "val_metrics": [
    {
      "loss": 0.26147303150087764,
      "accuracy": 0.8452409209589367,
      "auc_roc": 0.9539387182687293,
      "auc_pr": 0.9556243078972754
    },
    {
      "loss": 0.20799628458214167,
      "accuracy": 0.8836458580583907,
      "auc_roc": 0.9601644633206096,
      "auc_pr": 0.9625450687189617
    }
  ],
  "test_metrics": {
    "loss": 0.3074257901191937,
    "accuracy": 0.8443900853060023,
    "auc_roc": 0.934558947746965,
    "auc_pr": 0.9382859042421936
  },
  "best_epoch": 2,
  "best_val_loss": 0.20799628458214167
}