{
  "train_losses": [
    0.718080742859546
  ],
  "val_losses": [
    0.569318346058329
  ],
  "val_metrics": [
    {
      "loss": 0.569318346058329,
      "accuracy": 0.8161978661493695,
      "auc_roc": 0.8838235833675929,
      "auc_pr": 0.8889370739429128
    }
  ],
  "test_metrics": {
    "loss": 0.590694567169806,
    "accuracy": 0.7741176470588236,
    "auc_roc": 0.8452098757558202,
    "auc_pr": 0.8378691296551418
  },
  "best_epoch": 1,
  "best_val_loss": 0.569318346058329
}