{
  "train_losses": [
    0.280274688976194
  ],
  "val_losses": [
    0.11871217676307934
  ],
  "val_metrics": [
    {
      "loss": 0.11871217676307934,
      "accuracy": 0.947305957749822,
      "auc_roc": 0.981829644863975,
      "auc_pr": 0.9819673237966345
    }
  ],
  "test_metrics": {
    "loss": 0.16423714446048304,
    "accuracy": 0.9148333359136722,
    "auc_roc": 0.961524560246118,
    "auc_pr": 0.9605763577516087
  },
  "best_epoch": 1,
  "best_val_loss": 0.11871217676307934
}