{
  "train_losses": [
    0.4977755398469256
  ],
  "train_acc": [
    0.8506062685884237
  ],
  "val_losses": [
    0.2068209209189031
  ],
  "val_metrics": [
    {
      "loss": 0.2068209209189031,
      "accuracy": 0.867683226758485,
      "auc_roc": 0.9679641806773518,
      "auc_pr": 0.9541817353189042
    }
  ],
  "test_metrics": {
    "loss": 0.23078057893422307,
    "accuracy": 0.8775152641359172,
    "auc_roc": 0.9631838814929953,
    "auc_pr": 0.946110727298812
  },
  "best_epoch": 1,
  "best_val_loss": 0.2068209209189031,
  "training_time": 209.33728003501892,
  "cpu_usage": 26.1,
  "memory_usage": 4.598419189453125
}