{
  "train_losses": [
    0.43901928543945684
  ],
  "val_losses": [
    0.2726353419406172
  ],
  "val_metrics": [
    {
      "loss": 0.2726353419406172,
      "accuracy": 0.8370590289905694,
      "auc_roc": 0.9313800607480629,
      "auc_pr": 0.9215406538233945
    }
  ],
  "test_metrics": {
    "loss": 0.3466608687404838,
    "accuracy": 0.7938802710007035,
    "auc_roc": 0.8980059943246911,
    "auc_pr": 0.8829646362946426
  },
  "best_epoch": 1,
  "best_val_loss": 0.2726353419406172
}