{
  "train_losses": [
    0.3670372616044876
  ],
  "val_losses": [
    0.19211244778638345
  ],
  "val_metrics": [
    {
      "loss": 0.19211244778638345,
      "accuracy": 0.8964158556847852,
      "auc_roc": 0.9669489167163586,
      "auc_pr": 0.9682310820663883
    }
  ],
  "test_metrics": {
    "loss": 0.2411327861513749,
    "accuracy": 0.8634794321190259,
    "auc_roc": 0.9442047325591738,
    "auc_pr": 0.9445483590575955
  },
  "best_epoch": 1,
  "best_val_loss": 0.19211244778638345
}