{
  "train_losses": [
    0.2983131281917468
  ],
  "val_losses": [
    0.12045661043084863
  ],
  "val_metrics": [
    {
      "loss": 0.12045661043084863,
      "accuracy": 0.9332099117060666,
      "auc_roc": 0.9811313059186526,
      "auc_pr": 0.9815438669837224
    }
  ],
  "test_metrics": {
    "loss": 0.16375525948491565,
    "accuracy": 0.8957749531668499,
    "auc_roc": 0.9652630454255714,
    "auc_pr": 0.965099884321643
  },
  "best_epoch": 1,
  "best_val_loss": 0.12045661043084863
}