{
  "train_losses": [
    0.4109655491500252
  ],
  "val_losses": [
    0.3256060820322686
  ],
  "val_metrics": [
    {
      "loss": 0.3256060820322686,
      "accuracy": 0.7965938021244843,
      "auc_roc": 0.9361559078876052,
      "auc_pr": 0.9192637398286727
    }
  ],
  "test_metrics": {
    "loss": 0.3863906485975278,
    "accuracy": 0.7629245440856617,
    "auc_roc": 0.9219812804622634,
    "auc_pr": 0.9095894655918586
  },
  "best_epoch": 1,
  "best_val_loss": 0.3256060820322686
}