{
  "train_losses": [
    0.40313107013985916
  ],
  "val_losses": [
    0.25165720496747046
  ],
  "val_metrics": [
    {
      "loss": 0.25165720496747046,
      "accuracy": 0.8695941134583433,
      "auc_roc": 0.9582896427636183,
      "auc_pr": 0.9624516139490228
    }
  ],
  "test_metrics": {
    "loss": 0.3761473453141256,
    "accuracy": 0.8305181836478767,
    "auc_roc": 0.9300636308180912,
    "auc_pr": 0.9360847471786975
  },
  "best_epoch": 1,
  "best_val_loss": 0.25165720496747046
}