{
  "train_losses": [
    0.3984778585922385,
    0.2884079149956506,
    0.233464068273074,
    0.20668814359602902,
    0.17240216067061026,
    0.20328386738540524,
    0.16228512470171585,
    0.2081405966446677,
    0.16177006079475695,
    0.16359142808088128,
    0.15772818341260098,
    0.17818419468301916,
    0.1500179801594277,
    0.23350931242249967,
    0.18052032176326827,
    0.17418335261023316,
    0.1821076889737754,
    0.18251140251456954,
    0.15416330431485686,
    0.15859729859099228,
    0.1577069600608975,
    0.18779432725678083,
    0.16290288571995862,
    0.17346875363976133,
    0.15980768301338233,
    0.1494863303086413,
    0.14773348926524668,
    0.1391783876096422,
    0.13177887926210344,
    0.1331002657868405,
    0.14214611969057983,
    0.1385673756121975,
    0.12493313765785304,
    0.1275110784543515,
    0.13860207226474025,
    0.13306768214737807,
    0.12917227127253977,
    0.10695003743344154
  ],
  "val_losses": [
    0.1218471502210146,
    0.09771212437439383,
    0.0674306875736414,
    0.07862301016299696,
    0.06689273939862363,
    0.07107496750804965,
    0.06368359537143897,
    0.061846308200615194,
    0.11382681543518966,
    0.06106089837787354,
    0.06700420271039781,
    0.06446615658642198,
    0.051392750428180485,
    0.05265164843394784,
    0.05007244824257207,
    0.07331951400616935,
    0.06154745490652398,
    0.05668032671943985,
    0.061902798470025056,
    0.10950331946595807,
    0.0481778055940135,
    0.08656433357578874,
    0.0634066101953218,
    0.08684141110904792,
    0.06771020145633087,
    0.04878791335214511,
    0.0493268784407641,
    0.03867831263347827,
    0.04277539482218645,
    0.04556576575771146,
    0.044745823348798855,
    0.043359296979856264,
    0.03883028979855902,
    0.04202152101059598,
    0.0651489704012393,
    0.06423466474796233,
    0.05064744773070278,
    0.04537987044834485
  ],
  "val_metrics": [
    {
      "loss": 0.1218471502210146,
      "accuracy": 0.9401764234161989,
      "auc_roc": 0.9865594573159413,
      "auc_pr": 0.9846671210025304
    },
    {
      "loss": 0.09771212437439383,
      "accuracy": 0.9514033680834002,
      "auc_roc": 0.9895079282503394,
      "auc_pr": 0.9893521537831413
    },
    {
      "loss": 0.0674306875736414,
      "accuracy": 0.9657310879443999,
      "auc_roc": 0.9931415543631821,
      "auc_pr": 0.9925737416250145
    },
    {
      "loss": 0.07862301016299696,
      "accuracy": 0.9609730018711574,
      "auc_roc": 0.9926306318715303,
      "auc_pr": 0.9921217232353617
    },
    {
      "loss": 0.06689273939862363,
      "accuracy": 0.9674418604651163,
      "auc_roc": 0.9926812839659419,
      "auc_pr": 0.9919700801272795
    },
    {
      "loss": 0.07107496750804965,
      "accuracy": 0.9589949211440791,
      "auc_roc": 0.9936471321185428,
      "auc_pr": 0.993163328999623
    },
    {
      "loss": 0.06368359537143897,
      "accuracy": 0.9662122427158514,
      "auc_roc": 0.9935605016602637,
      "auc_pr": 0.9930504897351939
    },
    {
      "loss": 0.061846308200615194,
      "accuracy": 0.9619353114140604,
      "auc_roc": 0.9945774363457343,
      "auc_pr": 0.9942767979072303
    },
    {
      "loss": 0.11382681543518966,
      "accuracy": 0.948623362737236,
      "auc_roc": 0.9927782780679599,
      "auc_pr": 0.9918394650069666
    },
    {
      "loss": 0.06106089837787354,
      "accuracy": 0.9636995455760492,
      "auc_roc": 0.9950647391043864,
      "auc_pr": 0.9947506618789371
    },
    {
      "loss": 0.06700420271039781,
      "accuracy": 0.9647687784014969,
      "auc_roc": 0.9945518902211515,
      "auc_pr": 0.9941890238494968
    },
    {
      "loss": 0.06446615658642198,
      "accuracy": 0.9602780005346164,
      "auc_roc": 0.9955436960716109,
      "auc_pr": 0.9950994720306934
    },
    {
      "loss": 0.051392750428180485,
      "accuracy": 0.9707564822240042,
      "auc_roc": 0.9956711923264084,
      "auc_pr": 0.9954146703898646
    },
    {
      "loss": 0.05265164843394784,
      "accuracy": 0.9710772520716386,
      "auc_roc": 0.9962868202027053,
      "auc_pr": 0.9960293309385254
    },
    {
      "loss": 0.05007244824257207,
      "accuracy": 0.9720395616145415,
      "auc_roc": 0.9961669094720342,
      "auc_pr": 0.9958975618814672
    },
    {
      "loss": 0.07331951400616935,
      "accuracy": 0.9605453087409783,
      "auc_roc": 0.994981258324927,
      "auc_pr": 0.9944237830069103
    },
    {
      "loss": 0.06154745490652398,
      "accuracy": 0.965463779738038,
      "auc_roc": 0.9958118646423298,
      "auc_pr": 0.9955230434297466
    },
    {
      "loss": 0.05668032671943985,
      "accuracy": 0.9678695535952954,
      "auc_roc": 0.9954779243756056,
      "auc_pr": 0.9951755955985486
    },
    {
      "loss": 0.061902798470025056,
      "accuracy": 0.9664795509222133,
      "auc_roc": 0.9954006743582395,
      "auc_pr": 0.9949052272780943
    },
    {
      "loss": 0.10950331946595807,
      "accuracy": 0.9511360598770382,
      "auc_roc": 0.9947450095482714,
      "auc_pr": 0.9945915318265154
    },
    {
      "loss": 0.0481778055940135,
      "accuracy": 0.9758887997861534,
      "auc_roc": 0.9966006391092749,
      "auc_pr": 0.9962961970512808
    },
    {
      "loss": 0.08656433357578874,
      "accuracy": 0.954557604918471,
      "auc_roc": 0.9938752923370681,
      "auc_pr": 0.9935374466189606
    },
    {
      "loss": 0.0634066101953218,
      "accuracy": 0.9652499331729484,
      "auc_roc": 0.9951286530043546,
      "auc_pr": 0.9947441362082543
    },
    {
      "loss": 0.08684141110904792,
      "accuracy": 0.9639133921411387,
      "auc_roc": 0.995236216536749,
      "auc_pr": 0.9949325197686215
    },
    {
      "loss": 0.06771020145633087,
      "accuracy": 0.9643945469125902,
      "auc_roc": 0.9960826226949097,
      "auc_pr": 0.995802903917375
    },
    {
      "loss": 0.04878791335214511,
      "accuracy": 0.9732691793638064,
      "auc_roc": 0.9965333868927355,
      "auc_pr": 0.9961832988571822
    },
    {
      "loss": 0.0493268784407641,
      "accuracy": 0.9728414862336273,
      "auc_roc": 0.9960465986006783,
      "auc_pr": 0.9957550473984654
    },
    {
      "loss": 0.03867831263347827,
      "accuracy": 0.9791499599037691,
      "auc_roc": 0.9971867423193224,
      "auc_pr": 0.9967649775566134
    },
    {
      "loss": 0.04277539482218645,
      "accuracy": 0.9774926490243251,
      "auc_roc": 0.9968541739635178,
      "auc_pr": 0.9964600045732888
    },
    {
      "loss": 0.04556576575771146,
      "accuracy": 0.9756749532210639,
      "auc_roc": 0.9966078130601255,
      "auc_pr": 0.9962775553731977
    },
    {
      "loss": 0.044745823348798855,
      "accuracy": 0.9747126436781609,
      "auc_roc": 0.9967797649450145,
      "auc_pr": 0.9964516362460386
    },
    {
      "loss": 0.043359296979856264,
      "accuracy": 0.9776530339481422,
      "auc_roc": 0.9968714600411053,
      "auc_pr": 0.996545472977668
    },
    {
      "loss": 0.03883028979855902,
      "accuracy": 0.9789361133386795,
      "auc_roc": 0.997156863242752,
      "auc_pr": 0.9967633898198387
    },
    {
      "loss": 0.04202152101059598,
      "accuracy": 0.9771184175354183,
      "auc_roc": 0.9970420400150746,
      "auc_pr": 0.9965791701960878
    },
    {
      "loss": 0.0651489704012393,
      "accuracy": 0.9668003207698477,
      "auc_roc": 0.9966028970459969,
      "auc_pr": 0.9962504439911721
    },
    {
      "loss": 0.06423466474796233,
      "accuracy": 0.9685110932905641,
      "auc_roc": 0.9966980162030912,
      "auc_pr": 0.9963283506928329
    },
    {
      "loss": 0.05064744773070278,
      "accuracy": 0.9746057203956161,
      "auc_roc": 0.9970169226126543,
      "auc_pr": 0.9965873404744994
    },
    {
      "loss": 0.04537987044834485,
      "accuracy": 0.9764234161988773,
      "auc_roc": 0.9971688788958897,
      "auc_pr": 0.9966537602041095
    }
  ],