{
  "train_losses": [
    0.49795896976601967
  ],
  "train_acc": [
    0.8063863846996377
  ],
  "val_losses": [
    0.24027570596671194
  ],
  "val_metrics": [
    {
      "loss": 0.24027570596671194,
      "accuracy": 0.8704417952314165,
      "auc_roc": 0.9566930590771663,
      "auc_pr": 0.9480445520860195
    }
  ],
  "test_metrics": {
    "loss": 0.2594022072231296,
    "accuracy": 0.8616723285058704,
    "auc_roc": 0.9450254114197729,
    "auc_pr": 0.9355162365394326
  },
  "best_epoch": 1,
  "best_val_loss": 0.24027570596671194,
  "training_time": 168.1283257007599,
  "cpu_usage_per_epoch": [
    29.2
  ],
  "memory_usage_per_epoch": [
    4.4619903564453125
  ]
}